{
    "totalItems": 47,
    "current": 1,
    "totalPages": 3,
    "perPage": 20,
    "genres": [
        1305630,
        2070367,
        100199,
        81246423,
        1307182,
        100148,
        81325760,
        81474322,
        81325761,
        81474312
    ],
    "collectionIDs": [
        2170013,
        2173907,
        2694103,
        81500273
    ],
    "data": [
        {
            "videoID": 81989516,
            "country": "US",
            "title1": "Amor en el laboratorio",
            "title2": "Miniserie",
            "startTime": 1740837600000,
            "collection": 2170013,
            "image": "https://dnm.nflximg.net/api/v6/mAcAr9TxZIVbINe88xb3Teg5_OA/AAAABZhlREPean3D0eS2Q0-iSVe6Blj_aARPTMsBGLEwjEjs16X03ksOCS-D3mP-CAmtJWpd_Fh_o2aYRK8wQFN9QBxoFzULOr0JYHD3YOscyt0FWKkCIVOEKYxOihYIRqO84KtxIQ.jpg?r=2fe",
            "genre": 1305630
        },
        {
            "videoID": 81681666,
            "country": "US",
            "title1": "Hot Wheels: ¡Máxima velocidad!",
            "title2": "Temporada 3",
            "startTime": 1740988800000,
            "collection": 2170013,
            "image": "https://dnm.nflximg.net/api/v6/mAcAr9TxZIVbINe88xb3Teg5_OA/AAAABaacIVJ2iLkkCbgaQabzxXjpVXzyTAn_u9THnSCf-rdubQHoQRclE2bXa40kZ5dEInLBs9WMZjDWahesBhOCRd4dg60TaQhDc8VYoCQoXA2gfGarxpLHjNhfD5jPvZBUfeqGMQ.jpg?r=30b",
            "genre": 2070367
        },
        {
            "videoID": 81770809,
            "country": "US",
            "title1": "Con amor, Meghan",
            "title2": "Temporada 1",
            "startTime": 1741075200000,
            "collection": 2170013,
            "image": "https://dnm.nflximg.net/api/v6/mAcAr9TxZIVbINe88xb3Teg5_OA/AAAABS8Nh4ad1WxK5cWBpvdTV60ndLNRjBO4vTpcNXyQQOXpoOegR9w3y6x6dbYUBGjQLK_3Mcq6SVwvSjAt9e0NqE8UA8oYslMRh-2Pnzi1Go64ogl69AjGUsQgbKW_pREPtrjqiw.jpg?r=10f",
            "genre": 100199
        },
        {
            "videoID": 81741999,
            "country": "US",
            "title1": "Andrew Schulz: LIFE",
            "title2": "Andrew Schulz: LIFE",
            "startTime": 1741075200000,
            "collection": 2173907,
            "image": "https://dnm.nflximg.net/api/v6/mAcAr9TxZIVbINe88xb3Teg5_OA/AAAABUceIHvF4GQB_tAX7zdDjFuIX3eANdYvBrB-2J6UNWy5i2smLU49XNwQ2uL_SZk00h084foYjnSQ7L6Kh6y5mzwE4bqLt73-n3BIfJDpVPD7LYOPBJzUOnTArjgDnQ7t9zUEpw.jpg?r=7a3",
            "genre": 1305630
        },
        {
            "videoID": 81664957,
            "country": "US",
            "title1": "Solo una mirada",
            "title2": "Miniserie",
            "startTime": 1741161600000,
            "collection": 2170013,
            "image": "https://dnm.nflximg.net/api/v6/mAcAr9TxZIVbINe88xb3Teg5_OA/AAAABWuVEfE3L5njqTWSHkfGoZ1mH_-iTEqIVUcDWkuRJk3BUij_JZWafj2Jrs3DgTpB4NfaPD6Xp3kTxTSaefRVE7beP0oQnc2SVdzaQDcEYFUFbLZHdMrqVX98lu-RKeszw4ociw.jpg?r=cba",
            "genre": 81246423
        },
        {
            "videoID": 81683617,
            "country": "US",
            "title1": "Medusa",
            "title2": "Temporada 1",
            "startTime": 1741161600000,
            "collection": 2170013,
            "image": "https://dnm.nflximg.net/api/v6/mAcAr9TxZIVbINe88xb3Teg5_OA/AAAABe6_oYr2hjMMUP-JxKjTfseUC1h7V1aYoZuOpu5NzlQWzu5caoHa5PxARUOmiku4vtY8s5Snd78_s-q5__F5Q2TBRPfZWpoljIw_QhvxK04wZt83C7lupuIXcqyTk0OnGkinPQ.jpg?r=465",
            "genre": 81246423
        },
        {
            "videoID": 81392677,
            "country": "US",
            "title1": "El gatopardo",
            "title2": "Miniserie",
            "startTime": 1741161600000,
            "collection": 2170013,
            "image": "https://dnm.nflximg.net/api/v6/mAcAr9TxZIVbINe88xb3Teg5_OA/AAAABbjOz-h0nIY3W1kc5zA4kQu4PeB09TY4lqqEM7koURLFSJQ03TC0sSqZbwRrlTZfH8gzjiohqCXgz-yAAsf1zJ8lEl34tH19X-YyTzr1FFlFBIHjlJtT-elkbWSeFBwJh6LdeA.jpg?r=db9",
            "genre": 1307182
        },
        {
            "videoID": 81728000,
            "country": "US",
            "title1": "Larissa: La otra cara de Anitta",
            "title2": "Larissa: La otra cara de Anitta",
            "startTime": 1741248000000,
            "collection": 2173907,
            "image": "https://dnm.nflximg.net/api/v6/mAcAr9TxZIVbINe88xb3Teg5_OA/AAAABeTyMX3D6w4ImBfGJhJvLseB7UngErHX0QeQsiNLiVGSUU03jvHAnAKXioZeM8wOXXznJxR7lbh0T23-OAATHv2JE5ArRkTCQ_q5-rCx8L0HGA-AWsxm5NSZ5t5KGV0nKYqeiQ.jpg?r=9c9",
            "genre": 100148
        },
        {
            "videoID": 81681536,
            "country": "US",
            "title1": "Si la vida te da mandarinas...",
            "title2": "Miniserie",
            "startTime": 1741334400000,
            "collection": 2170013,
            "image": "https://dnm.nflximg.net/api/v6/mAcAr9TxZIVbINe88xb3Teg5_OA/AAAABXOe3Fv5Z1SAv0PpLsa-F4UA9EbZN79jx2Ysl2wna44PGT-JCF6NiDXCDZOQFqTEHVzoEw5gZu6nv1jMzW7z8OgvzKhh3hbdWNAGRUlZFv3kFymXtyifJhRLBWvx_Kq5j_HcFg.jpg?r=ce4",
            "genre": 1307182
        },
        {
            "videoID": 81627185,
            "country": "US",
            "title1": "Formula 1: Drive to Survive",
            "title2": "Temporada 7",
            "startTime": 1741334400000,
            "collection": 2170013,
            "image": "https://dnm.nflximg.net/api/v6/mAcAr9TxZIVbINe88xb3Teg5_OA/AAAABRjnWT5b0Bz8y5kW1yO-Fi5aig31x7Qeal8vaz0za8UZtcrYFUDJJ-8Vs1dnVapM_UibCwLzCfgtxOZ7QOwg6kGhaOVCUglVjaOMlNKYN4cLYCke56BabzEZ_TFFx_7UV1fHbA.jpg?r=708",
            "genre": 100148
        },
        {
            "videoID": 81653495,
            "country": "US",
            "title1": "Delicia",
            "title2": "Delicia",
            "startTime": 1741334400000,
            "collection": 2694103,
            "image": "https://dnm.nflximg.net/api/v6/mAcAr9TxZIVbINe88xb3Teg5_OA/AAAABTwknk2VMwzYnc2N1o85iR6CbopGY0NkW8r-Xl7mNS4G4D8l8nbhsh3UlB_N0i2tgPGFl3pMMwTDZO_TmG-3vaO58xUV001r0tzmmf4a0TtI00lQx12SEvR_wNJK3MYL7u5E1g.jpg?r=2a6",
            "genre": 81246423
        },
        {
            "videoID": 81221337,
            "country": "US",
            "title1": "Plankton: La película",
            "title2": "Plankton: La película",
            "startTime": 1741334400000,
            "collection": 2694103,
            "image": "https://dnm.nflximg.net/api/v6/mAcAr9TxZIVbINe88xb3Teg5_OA/AAAABQKywEnFLM633kjGrRN1LOn8G4UnYVdaVGjtSNP2DYTkZ4dapukStb18fIA46gpvs3Zhn_2ARtLTaXujJABWF0V0ylICLPO-5IFSJ5yjuYX5SJWhl-zGWAe2yOQ-RGPRMttprg.jpg?r=78c",
            "genre": 2070367
        },
        {
            "videoID": 81482892,
            "country": "US",
            "title1": "Caos: Los crímenes de Manson",
            "title2": "Caos: Los crímenes de Manson",
            "startTime": 1741334400000,
            "collection": 2694103,
            "image": "https://dnm.nflximg.net/api/v6/mAcAr9TxZIVbINe88xb3Teg5_OA/AAAABdPB7Yitk6jh-NtqsrrDPix4ut6IP4sHYOHLNEnQvn5H88DdbXc8z6GsDJMznzxlbFqC2DpAwhVhTn4mw5TWOYv-UAqZHEFfKyh5Pn06hhcZ9G06ZSpYpqb0mqhcufVfLBkxUQ.jpg?r=891",
            "genre": 100148
        },
        {
            "videoID": 81689641,
            "country": "US",
            "title1": "Tonterías de amor",
            "title2": "Tonterías de amor",
            "startTime": 1741334400000,
            "collection": 2694103,
            "image": "https://dnm.nflximg.net/api/v6/mAcAr9TxZIVbINe88xb3Teg5_OA/AAAABUxJEVPaE_62ThJQNFq7Vi9m-nQBTsRk01ZECZbhz5UAgE5qh_r9hJsRQOxef-RaVBZ6XjNaddyY3EQq8_Wxuf5yTxqSJK3nzEANrW2A0fxa6g8AN-uii3IRz6diSoOIK8Hbdw.jpg?r=64e",
            "genre": 1305630
        },
        {
            "videoID": 81744519,
            "country": "US",
            "title1": "La isla de las tentaciones: EE. UU.",
            "title2": "Temporada 1",
            "startTime": 1741762800000,
            "collection": "",
            "image": "https://dnm.nflximg.net/api/v6/mAcAr9TxZIVbINe88xb3Teg5_OA/AAAABfyQdAbmD3J5PSXBWUIH8TeAQHvfmK7oyOXyyyN6GGQkcXJ8L23xAdhrksxzl5ZiSaQh1uKOTnP9R5pqjZ3kRtdwZfr6lQlsHicqsHCI7WkYS9c-MKRHxJUt1IbgwjmyQdORqQ.jpg?r=729",
            "genre": 100199
        },
        {
            "videoID": 81633044,
            "country": "US",
            "title1": "Bienvenidos a la familia",
            "title2": "Temporada 1",
            "startTime": 1741762800000,
            "collection": 2170013,
            "image": "https://dnm.nflximg.net/api/v6/mAcAr9TxZIVbINe88xb3Teg5_OA/AAAABVoidItPXaEL24dzhKeNrcGKak9WjYEE3t01iFOOAhe-mnPrJ_3HW-wTR8KLMOMQtBUrBMm3Oefbm2LlRcd9Z9ZiaEdKj2wke26WnH53Rb_WT1dgaxRvjPVtQgBnzobCdhShuQ.jpg?r=20e",
            "genre": 81246423
        },
        {
            "videoID": 81912997,
            "country": "US",
            "title1": "Estamos todos en vivo con John Mulaney",
            "title2": "Temporada 1",
            "startTime": 1741829400000,
            "collection": 2170013,
            "image": "https://dnm.nflximg.net/api/v6/mAcAr9TxZIVbINe88xb3Teg5_OA/AAAABW9TtFGevozOkXfSJVM9GqNJ3VeJHcLUzKFbzBlb7lVlXV4x3AybFCTYLWcSGJvVqwGlzKV90vAG1TtjDWImwVeJW6zCLd_l0aIEqeQVVP5IVz5jgp9XOaSXnXsKmxC82Dz9SA.jpg?r=83a",
            "genre": 1305630
        },
        {
            "videoID": 81725913,
            "country": "US",
            "title1": "El amor es ciego: Suecia",
            "title2": "Temporada 2",
            "startTime": 1741849200000,
            "collection": 2170013,
            "image": "https://dnm.nflximg.net/api/v6/mAcAr9TxZIVbINe88xb3Teg5_OA/AAAABdIQ1FmxZpYJyNMQQJvuI5JDbOXJHg-1cU_UBKC4-P4xWH4RX5STG4RxfiYaXSKpXNXwqNijpKOpJBLcY_Q6stS0IHRIVhlUmep6ws3BNT5f_CiAj7qGNofVhxxJonROZBOaqQ.jpg?r=26a",
            "genre": 100199
        },
        {
            "videoID": 81756070,
            "country": "US",
            "title1": "Adolescencia",
            "title2": "Miniserie",
            "startTime": 1741849200000,
            "collection": 2170013,
            "image": "https://dnm.nflximg.net/api/v6/mAcAr9TxZIVbINe88xb3Teg5_OA/AAAABVly4ZcC7-NtzyQiwqTH_3CJCBVPzKbxFqdzGPnO6b1gV_ZU2Nv4g-Ez61DwE5izeaBxME2VwihDSmuC9BLy9N_ewUhRn7UC9MpKQX7T4XLuBM_a2T6cTa8sPVHLNsvWWDa0yw.jpg?r=d6e",
            "genre": 81246423
        },
        {
            "videoID": 81601562,
            "country": "US",
            "title1": "Estado eléctrico",
            "title2": "Estado eléctrico",
            "startTime": 1741935600000,
            "collection": 2694103,
            "image": "https://dnm.nflximg.net/api/v6/mAcAr9TxZIVbINe88xb3Teg5_OA/AAAABUxuY757wha1XE4FwT-1eNlFYm6A6zP3K7YFdLdy0P2iOplGDL3TzYcc1_rBSUYiQlaSIOkx2kXc7txiD77S079uYp8LRuVU08bqdf7_5zRBUkRcldRA5l4rPvJyVSX9dDbixQ.jpg?r=2a5",
            "genre": 81325760
        }
    ]
}